clients,needs,deliverables,dates,websites,website status
Acme Corp,Website Redesign,Responsive Homepage,2026-03-15,acme.com,good
TechStart Inc,E-commerce Platform,Shopping Cart + Payment Integration,2026-02-28,techstart.io,bad
Global Solutions,Mobile App,iOS and Android Apps,2026-04-10,globalsolutions.net,good
Creative Agency,Brand Identity,Logo + Style Guide,2026-02-20,creativeagency.co,good
DataFlow Systems,Analytics Dashboard,Real-time Data Visualization,2026-03-01,dataflow.systems,bad
Marketing Pro,SEO Optimization,Content Strategy + Technical SEO,2026-03-25,marketingpro.com,good
FinTech Ventures,Payment Gateway,Secure Transaction Processing,2026-05-15,fintechventures.io,good
EduLearn Platform,Learning Management,Course Creation + Student Portal,2026-04-30,edulearn.org,bad
HealthCare Plus,Patient Portal,Appointment Scheduling + Records,2026-03-18,healthcareplus.com,good
RetailHub,Inventory System,Stock Management + Reporting,2026-02-25,retailhub.net,bad
